{"stats":{"minecraft:custom":{"minecraft:mob_kills":27,"minecraft:interact_with_crafting_table":18,"minecraft:open_barrel":4,"minecraft:damage_dealt_resisted":1019,"minecraft:leave_game":7,"minecraft:time_since_death":91698,"minecraft:climb_one_cm":18987,"minecraft:damage_resisted":0,"minecraft:sprint_one_cm":191882,"minecraft:walk_one_cm":242921,"minecraft:drop":29,"minecraft:play_time":127729,"minecraft:deaths":1,"minecraft:sneak_time":4174,"minecraft:walk_under_water_one_cm":2216,"minecraft:jump":1603,"minecraft:walk_on_water_one_cm":8200,"minecraft:total_world_time":127729,"minecraft:interact_with_furnace":1,"minecraft:sleep_in_bed":1,"minecraft:time_since_rest":91721,"minecraft:damage_taken":1748,"minecraft:trigger_trapped_chest":7,"minecraft:damage_dealt":4262,"minecraft:fly_one_cm":353272,"minecraft:open_chest":9,"minecraft:crouch_one_cm":13292,"minecraft:interact_with_smoker":1,"minecraft:fall_one_cm":33245},"minecraft:crafted":{"minecraft:oak_planks":44,"minecraft:furnace":1,"magistuarmory:hilt":4,"minecraft:bow":1,"minecraft:stone_pickaxe":1,"magistuarmory:iron_katzbalger":1,"minecraft:golden_helmet":1,"sophisticatedbackpacks:iron_backpack":1,"minecraft:wheat":63,"sophisticatedbackpacks:backpack":1,"minecraft:crafting_table":6,"minecraft:wooden_pickaxe":1,"minecraft:birch_planks":8,"minecraft:stone_axe":2,"minecraft:bread":21,"minecraft:stick":24,"minecraft:torch":24,"magistuarmory:leather_strip":6},"minecraft:used":{"minecraft:iron_sword":79,"minecraft:orange_bed":3,"minecraft:torch":24,"minecraft:dirt":6,"born_in_chaos_v1:smoked_flesh":4,"minecraft:bow":11,"minecraft:furnace":1,"magistuarmory:iron_katzbalger":241,"minecraft:stone_pickaxe":4,"minecraft:oak_planks":27,"minecraft:wooden_pickaxe":27,"minecraft:crafting_table":7,"sophisticatedbackpacks:backpack":1,"minecraft:apple":6,"minecraft:bread":22,"minecraft:iron_pickaxe":5,"minecraft:golden_helmet":1,"minecraft:stone_axe":134,"minecraft:birch_log":7,"alexsmobs:animal_dictionary":1},"minecraft:killed_by":{"iceandfire:ghost":1},"minecraft:killed":{"born_in_chaos_v1:door_knight_not_despawn":1,"minecraft:spider":4,"born_in_chaos_v1:baby_skeleton_minion":3,"minecraft:skeleton":1,"minecraft:chicken":1,"born_in_chaos_v1:bonescaller":1,"minecraft:pig":1,"born_in_chaos_v1:decrepit_skeleton":4,"minecraft:sheep":3,"minecraft:zombie":2,"iceandfire:ghost":1,"minecraft:cow":3},"minecraft:dropped":{"minecraft:brown_mushroom":2,"minecraft:wheat_seeds":5,"minecraft:mossy_cobblestone":1,"minecraft:poisonous_potato":1,"minecraft:book":1,"born_in_chaos_v1:pieceofdarkmetal":1,"silentgear:sinew":1,"silentgear:blueprint_package":1,"minecraft:stick":1,"born_in_chaos_v1:monster_flesh":4,"ars_nouveau:worn_notebook":1,"minecraft:leather_horse_armor":1,"minecraft:mutton":2,"minecraft:coarse_dirt":10,"minecraft:composter":1,"born_in_chaos_v1:smoked_flesh":1,"minecraft:pumpkin_seeds":1,"minecraft:spider_eye":1,"minecraft:wooden_pickaxe":2},"minecraft:broken":{"minecraft:stone_axe":1,"magistuarmory:iron_katzbalger":1},"minecraft:picked_up":{"minecraft:crafting_table":2,"minecraft:coarse_dirt":10,"minecraft:wheat":24,"born_in_chaos_v1:seedof_chaos":1,"minecraft:brown_mushroom":2,"minecraft:wooden_pickaxe":2,"silentgear:sinew":1,"minecraft:string":13,"minecraft:item_frame":9,"magistuarmory:iron_katzbalger":1,"minecraft:beef":7,"minecraft:spruce_slab":1,"minecraft:sugar_cane":4,"minecraft:melon_slice":82,"minecraft:chest":10,"minecraft:furnace":1,"minecraft:golden_helmet":1,"minecraft:stick":1,"apotheosis:gem":10,"minecraft:composter":1,"minecraft:torch":17,"sophisticatedbackpacks:backpack":1,"minecraft:porkchop":2,"minecraft:carrot":6,"born_in_chaos_v1:pieceofdarkmetal":1,"minecraft:tnt":4,"minecraft:orange_bed":3,"minecraft:arrow":47,"minecraft:rotten_flesh":41,"minecraft:hay_block":111,"minecraft:yellow_terracotta":1,"alexsmobs:emu_egg":7,"minecraft:gold_ingot":9,"minecraft:leather_horse_armor":1,"minecraft:mutton":2,"minecraft:cobblestone":48,"minecraft:white_wool":4,"minecraft:birch_log":16,"minecraft:feather":2,"born_in_chaos_v1:monster_flesh":13,"born_in_chaos_v1:spiritual_dust":1,"minecraft:leather":14,"minecraft:potato":2,"magistuarmory:hilt":3,"minecraft:oak_log":11,"minecraft:gunpowder":1,"minecraft:dirt":26,"born_in_chaos_v1:monster_skin":1,"minecraft:bone":23,"minecraft:apple":10,"minecraft:bow":1,"minecraft:wheat_seeds":14,"minecraft:iron_ingot":5,"born_in_chaos_v1:smoked_flesh":5,"minecraft:stone_pickaxe":1,"minecraft:oak_planks":40,"minecraft:iron_sword":2,"minecraft:book":19,"patchouli:guide_book":2,"minecraft:poisonous_potato":1,"minecraft:spider_eye":1,"alexsmobs:animal_dictionary":1,"minecraft:mossy_cobblestone":1,"minecraft:pumpkin_seeds":1,"minecraft:stone_axe":1,"magistuarmory:leather_strip":2,"minecraft:chainmail_leggings":1,"minecraft:emerald":4,"minecraft:black_wool":2,"minecraft:coal":15},"minecraft:mined":{"minecraft:yellow_terracotta":1,"born_in_chaos_v1:infected_diamond_ore":1,"minecraft:grass_block":3,"minecraft:composter":1,"minecraft:spawner":4,"minecraft:hay_block":88,"minecraft:furnace":1,"minecraft:barrel":3,"minecraft:bookshelf":7,"minecraft:vine":2,"minecraft:oak_stairs":1,"minecraft:potted_cornflower":1,"minecraft:stone":27,"sophisticatedbackpacks:backpack":1,"minecraft:spruce_slab":1,"minecraft:orange_bed":3,"minecraft:oak_slab":1,"minecraft:crafting_table":2,"minecraft:melon":17,"minecraft:chest":5,"minecraft:white_stained_glass_pane":2,"minecraft:dead_bush":4,"minecraft:tall_grass":8,"minecraft:sugar_cane":3,"minecraft:oak_planks":29,"minecraft:wall_torch":1,"minecraft:coarse_dirt":2,"minecraft:birch_log":9,"minecraft:wheat":4,"iceandfire:ash":1,"minecraft:tnt":10,"minecraft:grass":64,"minecraft:oak_log":10,"minecraft:dirt":13,"minecraft:cobweb":6,"minecraft:oak_leaves":4,"minecraft:fern":3}},"DataVersion":3465}