{"stats":{"minecraft:killed_by":{"iceandfire:ghost":1},"minecraft:broken":{"magistuarmory:iron_katzbalger":1},"minecraft:used":{"magistuarmory:iron_katzbalger":241,"minecraft:stone_pickaxe":4,"minecraft:oak_planks":11,"minecraft:wooden_pickaxe":27,"minecraft:iron_sword":13,"minecraft:orange_bed":3,"minecraft:torch":9,"minecraft:dirt":6,"minecraft:crafting_table":5,"born_in_chaos_v1:smoked_flesh":4,"sophisticatedbackpacks:backpack":1,"minecraft:apple":6,"minecraft:bread":7,"minecraft:golden_helmet":1,"minecraft:stone_axe":107,"minecraft:bow":11,"minecraft:birch_log":7,"alexsmobs:animal_dictionary":1},"minecraft:crafted":{"minecraft:oak_planks":36,"sophisticatedbackpacks:backpack":1,"minecraft:crafting_table":4,"minecraft:wooden_pickaxe":1,"minecraft:stone_axe":1,"minecraft:bread":21,"magistuarmory:hilt":4,"minecraft:bow":1,"minecraft:stick":20,"minecraft:stone_pickaxe":1,"magistuarmory:iron_katzbalger":1,"minecraft:torch":24,"minecraft:golden_helmet":1,"minecraft:wheat":63,"magistuarmory:leather_strip":6},"minecraft:custom":{"minecraft:mob_kills":16,"minecraft:interact_with_crafting_table":15,"minecraft:open_barrel":4,"minecraft:damage_dealt_resisted":881,"minecraft:leave_game":3,"minecraft:time_since_death":44110,"minecraft:sleep_in_bed":1,"minecraft:climb_one_cm":937,"minecraft:damage_resisted":0,"minecraft:time_since_rest":44133,"minecraft:sprint_one_cm":110078,"minecraft:damage_taken":843,"minecraft:walk_one_cm":152909,"minecraft:trigger_trapped_chest":3,"minecraft:drop":18,"minecraft:damage_dealt":2609,"minecraft:fly_one_cm":157739,"minecraft:open_chest":9,"minecraft:crouch_one_cm":11344,"minecraft:play_time":80141,"minecraft:deaths":1,"minecraft:sneak_time":3402,"minecraft:walk_under_water_one_cm":1863,"minecraft:jump":853,"minecraft:walk_on_water_one_cm":6660,"minecraft:interact_with_smoker":1,"minecraft:total_world_time":80141,"minecraft:fall_one_cm":24547},"minecraft:picked_up":{"minecraft:birch_log":16,"minecraft:crafting_table":1,"minecraft:wheat":24,"minecraft:feather":2,"born_in_chaos_v1:monster_flesh":12,"minecraft:leather":14,"minecraft:brown_mushroom":2,"minecraft:wooden_pickaxe":2,"minecraft:potato":2,"magistuarmory:hilt":3,"minecraft:oak_log":9,"minecraft:string":12,"silentgear:sinew":1,"minecraft:dirt":26,"minecraft:item_frame":4,"magistuarmory:iron_katzbalger":1,"minecraft:bone":18,"minecraft:apple":10,"minecraft:bow":1,"minecraft:wheat_seeds":14,"minecraft:iron_ingot":5,"minecraft:beef":7,"born_in_chaos_v1:smoked_flesh":5,"minecraft:stone_pickaxe":1,"minecraft:spruce_slab":1,"minecraft:melon_slice":82,"minecraft:chest":10,"minecraft:iron_sword":2,"minecraft:oak_planks":22,"minecraft:book":1,"minecraft:golden_helmet":1,"apotheosis:gem":4,"patchouli:guide_book":2,"minecraft:composter":1,"minecraft:torch":17,"minecraft:poisonous_potato":1,"sophisticatedbackpacks:backpack":1,"minecraft:porkchop":2,"born_in_chaos_v1:pieceofdarkmetal":1,"minecraft:carrot":6,"minecraft:spider_eye":1,"minecraft:mossy_cobblestone":1,"alexsmobs:animal_dictionary":1,"minecraft:orange_bed":3,"minecraft:pumpkin_seeds":1,"minecraft:arrow":47,"minecraft:rotten_flesh":18,"minecraft:stone_axe":1,"magistuarmory:leather_strip":2,"minecraft:hay_block":111,"minecraft:gold_ingot":9,"minecraft:emerald":4,"minecraft:leather_horse_armor":1,"minecraft:black_wool":2,"minecraft:mutton":2,"minecraft:coal":12,"minecraft:white_wool":4,"minecraft:cobblestone":48},"minecraft:killed":{"minecraft:pig":1,"born_in_chaos_v1:door_knight_not_despawn":1,"minecraft:spider":3,"born_in_chaos_v1:decrepit_skeleton":2,"minecraft:sheep":3,"minecraft:skeleton":1,"iceandfire:ghost":1,"minecraft:chicken":1,"minecraft:cow":3},"minecraft:dropped":{"minecraft:brown_mushroom":2,"minecraft:wheat_seeds":5,"minecraft:mossy_cobblestone":1,"minecraft:composter":1,"minecraft:poisonous_potato":1,"minecraft:book":1,"born_in_chaos_v1:smoked_flesh":1,"born_in_chaos_v1:pieceofdarkmetal":1,"silentgear:sinew":1,"minecraft:pumpkin_seeds":1,"silentgear:blueprint_package":1,"minecraft:stick":1,"born_in_chaos_v1:monster_flesh":4,"ars_nouveau:worn_notebook":1,"minecraft:leather_horse_armor":1,"minecraft:mutton":2,"minecraft:wooden_pickaxe":2},"minecraft:mined":{"minecraft:oak_slab":1,"minecraft:crafting_table":1,"minecraft:grass_block":3,"minecraft:melon":17,"minecraft:chest":5,"minecraft:white_stained_glass_pane":2,"minecraft:tall_grass":8,"minecraft:oak_planks":9,"minecraft:composter":1,"minecraft:wall_torch":1,"minecraft:spawner":4,"minecraft:hay_block":88,"minecraft:birch_log":9,"minecraft:barrel":3,"minecraft:wheat":4,"minecraft:tnt":4,"minecraft:grass":64,"minecraft:oak_log":9,"minecraft:vine":1,"minecraft:oak_stairs":1,"minecraft:dirt":13,"minecraft:cobweb":5,"minecraft:potted_cornflower":1,"minecraft:spruce_slab":1,"minecraft:stone":27,"sophisticatedbackpacks:backpack":1,"minecraft:fern":3,"minecraft:orange_bed":3}},"DataVersion":3465}