{"stats":{"minecraft:killed_by":{"iceandfire:ghost":1},"minecraft:broken":{"magistuarmory:iron_katzbalger":1},"minecraft:used":{"magistuarmory:iron_katzbalger":241,"minecraft:stone_pickaxe":4,"minecraft:wooden_pickaxe":27,"minecraft:orange_bed":3,"minecraft:torch":9,"minecraft:dirt":6,"minecraft:crafting_table":5,"born_in_chaos_v1:smoked_flesh":4,"sophisticatedbackpacks:backpack":1,"minecraft:apple":6,"minecraft:bread":4,"minecraft:golden_helmet":1,"minecraft:stone_axe":60,"minecraft:bow":7,"minecraft:birch_log":7,"alexsmobs:animal_dictionary":1},"minecraft:crafted":{"minecraft:oak_planks":36,"sophisticatedbackpacks:backpack":1,"minecraft:crafting_table":4,"minecraft:wooden_pickaxe":1,"minecraft:stone_axe":1,"magistuarmory:hilt":4,"minecraft:bow":1,"minecraft:stick":20,"minecraft:stone_pickaxe":1,"magistuarmory:iron_katzbalger":1,"minecraft:torch":24,"minecraft:golden_helmet":1,"magistuarmory:leather_strip":6},"minecraft:custom":{"minecraft:mob_kills":15,"minecraft:interact_with_crafting_table":14,"minecraft:open_barrel":4,"minecraft:damage_dealt_resisted":881,"minecraft:leave_game":2,"minecraft:time_since_death":13581,"minecraft:sleep_in_bed":1,"minecraft:climb_one_cm":441,"minecraft:damage_resisted":0,"minecraft:time_since_rest":13604,"minecraft:sprint_one_cm":99091,"minecraft:damage_taken":684,"minecraft:walk_one_cm":118823,"minecraft:trigger_trapped_chest":1,"minecraft:drop":18,"minecraft:damage_dealt":2424,"minecraft:fly_one_cm":129960,"minecraft:open_chest":9,"minecraft:crouch_one_cm":8911,"minecraft:play_time":49612,"minecraft:deaths":1,"minecraft:sneak_time":3008,"minecraft:walk_under_water_one_cm":1863,"minecraft:jump":677,"minecraft:walk_on_water_one_cm":6660,"minecraft:total_world_time":49612,"minecraft:fall_one_cm":18892},"minecraft:picked_up":{"minecraft:birch_log":15,"minecraft:crafting_table":1,"minecraft:wheat":24,"minecraft:feather":2,"born_in_chaos_v1:monster_flesh":12,"minecraft:leather":14,"minecraft:brown_mushroom":2,"minecraft:wooden_pickaxe":2,"minecraft:potato":2,"magistuarmory:hilt":3,"minecraft:oak_log":9,"minecraft:string":11,"silentgear:sinew":1,"minecraft:dirt":26,"magistuarmory:iron_katzbalger":1,"minecraft:bone":18,"minecraft:apple":10,"minecraft:bow":1,"minecraft:wheat_seeds":9,"minecraft:iron_ingot":5,"minecraft:beef":7,"born_in_chaos_v1:smoked_flesh":5,"minecraft:stone_pickaxe":1,"minecraft:chest":10,"minecraft:iron_sword":2,"minecraft:oak_planks":15,"minecraft:book":1,"minecraft:golden_helmet":1,"patchouli:guide_book":2,"minecraft:composter":1,"minecraft:torch":17,"minecraft:poisonous_potato":1,"sophisticatedbackpacks:backpack":1,"minecraft:porkchop":2,"born_in_chaos_v1:pieceofdarkmetal":1,"minecraft:carrot":6,"minecraft:mossy_cobblestone":1,"alexsmobs:animal_dictionary":1,"minecraft:orange_bed":3,"minecraft:pumpkin_seeds":1,"minecraft:arrow":47,"minecraft:rotten_flesh":18,"minecraft:stone_axe":1,"magistuarmory:leather_strip":2,"minecraft:hay_block":79,"minecraft:gold_ingot":9,"minecraft:emerald":4,"minecraft:leather_horse_armor":1,"minecraft:black_wool":2,"minecraft:mutton":2,"minecraft:coal":12,"minecraft:white_wool":4,"minecraft:cobblestone":48},"minecraft:killed":{"minecraft:pig":1,"born_in_chaos_v1:door_knight_not_despawn":1,"minecraft:spider":2,"born_in_chaos_v1:decrepit_skeleton":2,"minecraft:sheep":3,"minecraft:skeleton":1,"iceandfire:ghost":1,"minecraft:chicken":1,"minecraft:cow":3},"minecraft:dropped":{"minecraft:brown_mushroom":2,"minecraft:wheat_seeds":5,"minecraft:mossy_cobblestone":1,"minecraft:composter":1,"minecraft:poisonous_potato":1,"minecraft:book":1,"born_in_chaos_v1:smoked_flesh":1,"born_in_chaos_v1:pieceofdarkmetal":1,"silentgear:sinew":1,"minecraft:pumpkin_seeds":1,"silentgear:blueprint_package":1,"minecraft:stick":1,"born_in_chaos_v1:monster_flesh":4,"ars_nouveau:worn_notebook":1,"minecraft:leather_horse_armor":1,"minecraft:mutton":2,"minecraft:wooden_pickaxe":2},"minecraft:mined":{"minecraft:crafting_table":1,"minecraft:grass_block":3,"minecraft:chest":5,"minecraft:white_stained_glass_pane":2,"minecraft:tall_grass":7,"minecraft:composter":1,"minecraft:wall_torch":1,"minecraft:spawner":4,"minecraft:hay_block":56,"minecraft:birch_log":8,"minecraft:barrel":3,"minecraft:wheat":4,"minecraft:grass":50,"minecraft:oak_log":9,"minecraft:vine":1,"minecraft:dirt":13,"minecraft:cobweb":5,"minecraft:stone":27,"sophisticatedbackpacks:backpack":1,"minecraft:orange_bed":3}},"DataVersion":3465}